"Name","Calls","TotalDurationNs","AverageNs","Percentage","MinNs","MaxNs","StdDev"
"void mul_mat_vec_q<(ggml_type)14, 1, false, false>(void const*, void const*, int const*, ggml_cuda_mm_fusion_args_device, float*, unsigned int, HIP_vector_type<unsigned int, 3u>, unsigned int, unsigned int, unsigned int, HIP_vector_type<unsigned int, 3u>, unsigned int, unsigned int, unsigned int, HIP_vector_type<unsigned int, 3u>, unsigned int, unsigned int, unsigned int, unsigned int)",28310,524677528,18533.293112,26.77,4280,623633,20204.928031
"quantize_q8_1(float const*, void*, long, long, long, long, long, unsigned int, HIP_vector_type<unsigned int, 3u>)",54576,162908033,2984.975685,8.31,1840,539594,8138.080918
"void mul_mat_vec_q<(ggml_type)23, 1, true, false>(void const*, void const*, int const*, ggml_cuda_mm_fusion_args_device, float*, unsigned int, HIP_vector_type<unsigned int, 3u>, unsigned int, unsigned int, unsigned int, HIP_vector_type<unsigned int, 3u>, unsigned int, unsigned int, unsigned int, HIP_vector_type<unsigned int, 3u>, unsigned int, unsigned int, unsigned int, unsigned int)",3990,97518708,24440.778947,4.98,21520,305676,9630.382587
"void flash_attn_ext_vec<256, 1, (ggml_type)8, (ggml_type)8, false>(char const*, char const*, char const*, char const*, char const*, int const*, float*, HIP_vector_type<float, 2u>*, float, float, float, float, unsigned int, float, int, HIP_vector_type<unsigned int, 3u>, int, int, int, int, int, int, int, int, int, int, int, long, int, int, long, int, int, int, int, int, long)",1520,91051645,59902.398026,4.65,33040,627313,26673.581009
"void k_get_rows_float<float, float>(float const*, int const*, float*, long, long, HIP_vector_type<unsigned int, 3u>, unsigned long, unsigned long, unsigned long, unsigned long, unsigned long, unsigned long, unsigned long, unsigned long, unsigned long)",9408,86130764,9155.055697,4.40,2600,591554,13672.760634
"void topk_moe_cuda<256, false>(float const*, float*, int*, float*, int, int, float, float, topk_moe_config)",6112,77273096,12642.849476,3.94,6800,307916,9097.068190
"void mul_mat_vec_f<float, float, 1, 256, false, false>(float const*, float const*, int const*, ggml_cuda_mm_fusion_args_device, float*, int, HIP_vector_type<unsigned int, 3u>, int, int, int, HIP_vector_type<unsigned int, 3u>, int, int, int, HIP_vector_type<unsigned int, 3u>, int, int, int, int)",12160,73575833,6050.644161,3.75,3360,531275,9733.975904
"void mul_mat_vec_q<(ggml_type)14, 1, true, false>(void const*, void const*, int const*, ggml_cuda_mm_fusion_args_device, float*, unsigned int, HIP_vector_type<unsigned int, 3u>, unsigned int, unsigned int, unsigned int, HIP_vector_type<unsigned int, 3u>, unsigned int, unsigned int, unsigned int, HIP_vector_type<unsigned int, 3u>, unsigned int, unsigned int, unsigned int, unsigned int)",2470,73049890,29574.854251,3.73,20279,328636,14126.312121
"void mul_mat_vec_q<(ggml_type)8, 1, false, false>(void const*, void const*, int const*, ggml_cuda_mm_fusion_args_device, float*, unsigned int, HIP_vector_type<unsigned int, 3u>, unsigned int, unsigned int, unsigned int, HIP_vector_type<unsigned int, 3u>, unsigned int, unsigned int, unsigned int, HIP_vector_type<unsigned int, 3u>, unsigned int, unsigned int, unsigned int, unsigned int)",6080,70836500,11650.740132,3.61,7640,610193,21879.544791
"void mul_mat_vec_q<(ggml_type)23, 1, false, false>(void const*, void const*, int const*, ggml_cuda_mm_fusion_args_device, float*, unsigned int, HIP_vector_type<unsigned int, 3u>, unsigned int, unsigned int, unsigned int, HIP_vector_type<unsigned int, 3u>, unsigned int, unsigned int, unsigned int, HIP_vector_type<unsigned int, 3u>, unsigned int, unsigned int, unsigned int, unsigned int)",3990,68091194,17065.462155,3.47,13280,310276,8794.920107
"void mul_mat_vec_q<(ggml_type)8, 1, true, false>(void const*, void const*, int const*, ggml_cuda_mm_fusion_args_device, float*, unsigned int, HIP_vector_type<unsigned int, 3u>, unsigned int, unsigned int, unsigned int, HIP_vector_type<unsigned int, 3u>, unsigned int, unsigned int, unsigned int, HIP_vector_type<unsigned int, 3u>, unsigned int, unsigned int, unsigned int, unsigned int)",6080,62072146,10209.234539,3.17,8320,589114,19778.960320
"void rms_norm_f32<1024, true, false>(float const*, float*, int, long, long, long, float, float const*, long, long, long, HIP_vector_type<unsigned int, 3u>, HIP_vector_type<unsigned int, 3u>, HIP_vector_type<unsigned int, 3u>, HIP_vector_type<unsigned int, 3u>, float const*, long, long, long, HIP_vector_type<unsigned int, 3u>, HIP_vector_type<unsigned int, 3u>, HIP_vector_type<unsigned int, 3u>, HIP_vector_type<unsigned int, 3u>)",12416,61452961,4949.497503,3.14,3120,588794,8128.929987
"void mul_mat_vec_q<(ggml_type)13, 1, true, false>(void const*, void const*, int const*, ggml_cuda_mm_fusion_args_device, float*, unsigned int, HIP_vector_type<unsigned int, 3u>, unsigned int, unsigned int, unsigned int, HIP_vector_type<unsigned int, 3u>, unsigned int, unsigned int, unsigned int, HIP_vector_type<unsigned int, 3u>, unsigned int, unsigned int, unsigned int, unsigned int)",1140,44089026,38674.584211,2.25,34879,63479,2376.738725
"void l2_norm_f32<32>(float const*, float*, int, long, long, long, float)",9312,35782453,3842.617375,1.83,2280,410156,9861.123989
"void k_bin_bcast<&(op_mul(float, float)), float, float, float, float const*>(float const*, float const*, float*, int, int, int, HIP_vector_type<unsigned int, 3u>, HIP_vector_type<unsigned int, 3u>, HIP_vector_type<unsigned int, 3u>, HIP_vector_type<unsigned int, 3u>, HIP_vector_type<unsigned int, 3u>, int, int, int, int, int, int, int, int, int, int, int, float const*)",12512,35627971,2847.504076,1.82,1720,338316,6991.671214
"void k_bin_bcast<&(op_add(float, float)), float, float, float, float const*>(float const*, float const*, float*, int, int, int, HIP_vector_type<unsigned int, 3u>, HIP_vector_type<unsigned int, 3u>, HIP_vector_type<unsigned int, 3u>, HIP_vector_type<unsigned int, 3u>, HIP_vector_type<unsigned int, 3u>, int, int, int, int, int, int, int, int, int, int, int, float const*)",9344,31688727,3391.344927,1.62,1960,241278,6202.433739
"void gated_delta_net_cuda<128, false, false>(float const*, float const*, float const*, float const*, float const*, float const*, float*, long, long, long, long, long, long, long, long, long, long, long, long, HIP_vector_type<unsigned int, 3u>, HIP_vector_type<unsigned int, 3u>, float, int)",4656,31358611,6735.096864,1.60,4080,534714,16379.055382
"void cpy_scalar<&(void cpy_1_scalar<float, float>(char const*, char*))>(char const*, char*, long, long, long, long, long, long, long, long, long, long, long, long, long, long, long)",6208,30340805,4887.371939,1.55,2880,292077,6953.193730
"void rms_norm_f32<256, true, false>(float const*, float*, int, long, long, long, float, float const*, long, long, long, HIP_vector_type<unsigned int, 3u>, HIP_vector_type<unsigned int, 3u>, HIP_vector_type<unsigned int, 3u>, HIP_vector_type<unsigned int, 3u>, float const*, long, long, long, HIP_vector_type<unsigned int, 3u>, HIP_vector_type<unsigned int, 3u>, HIP_vector_type<unsigned int, 3u>, HIP_vector_type<unsigned int, 3u>)",7760,29165564,3758.448969,1.49,2200,513155,10578.450334
"__amd_rocclr_copyBuffer",6200,27619141,4454.700161,1.41,2240,282277,5266.537050
"void unary_op_kernel<&(op_sigmoid(float)), float>(float const*, float*, int)",10864,25802094,2375.008652,1.32,1520,229637,5220.664802
"void mul_mat_vec_q<(ggml_type)13, 1, false, false>(void const*, void const*, int const*, ggml_cuda_mm_fusion_args_device, float*, unsigned int, HIP_vector_type<unsigned int, 3u>, unsigned int, unsigned int, unsigned int, HIP_vector_type<unsigned int, 3u>, unsigned int, unsigned int, unsigned int, HIP_vector_type<unsigned int, 3u>, unsigned int, unsigned int, unsigned int, unsigned int)",1140,24395918,21399.928070,1.24,17920,337396,12348.445381
"void k_bin_bcast<&(op_add(float, float)), float, float, float, float const*, float const*, float const*, float const*, float const*, float const*, float const*>(float const*, float const*, float*, int, int, int, HIP_vector_type<unsigned int, 3u>, HIP_vector_type<unsigned int, 3u>, HIP_vector_type<unsigned int, 3u>, HIP_vector_type<unsigned int, 3u>, HIP_vector_type<unsigned int, 3u>, int, int, int, int, int, int, int, int, int, int, int, float const*, float const*, float const*, float const*, float const*, float const*, float const*)",6208,24213277,3900.334568,1.24,2560,168878,2367.500255
"void rope_multi<true, false, float>(float const*, float*, int, int, int, int, int, int, int, int, int, int, int const*, float, float, float, rope_corr_dims, float, float const*, mrope_sections, bool)",3104,23831891,7677.799936,1.22,2720,360196,9299.959254
"void k_bin_bcast<&(op_add(float, float)), float, float, float, float const*, float const*>(float const*, float const*, float*, int, int, int, HIP_vector_type<unsigned int, 3u>, HIP_vector_type<unsigned int, 3u>, HIP_vector_type<unsigned int, 3u>, HIP_vector_type<unsigned int, 3u>, HIP_vector_type<unsigned int, 3u>, int, int, int, int, int, int, int, int, int, int, int, float const*, float const*)",6208,22321683,3595.631927,1.14,2560,271797,5812.999639
"_ZL16k_set_rows_quantIl10block_q8_0Li32ETnPFvPKfPT0_EXadL_ZL23quantize_f32_q8_0_blockS2_PS0_EEEvS2_PKT_S4_llllllllllllll15HIP_vector_typeIjLj3EESC_SC_SC_SC_",3104,18477869,5952.921714,0.9429,2960,271997,6842.763450
"void unary_gated_op_kernel<&(op_softplus(float)), float>(float const*, float const*, float*, long, long, long, long)",4560,16481420,3614.346491,0.8410,2320,225917,7452.141590
"void concat_cont<unsigned int, 0>(unsigned int const*, unsigned int const*, unsigned int*, long, long, long, long, long, long)",4560,15410675,3379.533991,0.7864,2240,361436,7584.291307
"void unary_gated_op_kernel<&(op_silu(float)), float>(float const*, float const*, float*, long, long, long, long)",4912,15059283,3065.814943,0.7684,1680,251598,6618.041795
"void ssm_conv_f32<true, 128ul, 4ul>(float const*, float const*, float const*, int, int, int, int, float*, int, int, int, long)",4656,13512764,2902.225945,0.6895,2320,262478,5779.303896
"void mul_mat_vec_q<(ggml_type)14, 4, false, false>(void const*, void const*, int const*, ggml_cuda_mm_fusion_args_device, float*, unsigned int, HIP_vector_type<unsigned int, 3u>, unsigned int, unsigned int, unsigned int, HIP_vector_type<unsigned int, 3u>, unsigned int, unsigned int, unsigned int, HIP_vector_type<unsigned int, 3u>, unsigned int, unsigned int, unsigned int, unsigned int)",456,9768791,21422.787281,0.4985,5080,53719,14237.761729
"void mul_mat_vec_q_moe<(ggml_type)23, 2>(void const*, void const*, int const*, float*, unsigned int, HIP_vector_type<unsigned int, 3u>, unsigned int, unsigned int, unsigned int, unsigned int, unsigned int, unsigned int, unsigned int, unsigned int, unsigned int)",252,6862724,27233.031746,0.3502,16000,63439,5819.490565
"void unary_gated_op_kernel<&(op_sigmoid(float)), float>(float const*, float const*, float*, long, long, long, long)",1552,6568321,4232.165593,0.3352,3040,348596,12851.087975
"void mul_mat_vec_q_moe<(ggml_type)13, 2>(void const*, void const*, int const*, float*, unsigned int, HIP_vector_type<unsigned int, 3u>, unsigned int, unsigned int, unsigned int, unsigned int, unsigned int, unsigned int, unsigned int, unsigned int, unsigned int)",72,4423591,61438.763889,0.2257,29440,625113,93331.678032
"void mul_mat_vec_q_moe<(ggml_type)14, 2>(void const*, void const*, int const*, float*, unsigned int, HIP_vector_type<unsigned int, 3u>, unsigned int, unsigned int, unsigned int, unsigned int, unsigned int, unsigned int, unsigned int, unsigned int, unsigned int)",60,3221641,53694.016667,0.1644,30560,66039,8352.248465
"void mul_mat_vec_q<(ggml_type)14, 2, false, false>(void const*, void const*, int const*, ggml_cuda_mm_fusion_args_device, float*, unsigned int, HIP_vector_type<unsigned int, 3u>, unsigned int, unsigned int, unsigned int, HIP_vector_type<unsigned int, 3u>, unsigned int, unsigned int, unsigned int, HIP_vector_type<unsigned int, 3u>, unsigned int, unsigned int, unsigned int, unsigned int)",152,3216852,21163.500000,0.1641,5240,106319,15485.012623
"void concat_non_cont<unsigned int, 0>(char const*, char const*, char*, long, long, long, long, unsigned long, unsigned long, unsigned long, unsigned long, long, long, long, long, unsigned long, unsigned long, unsigned long, unsigned long, long, long, long, long, unsigned long, unsigned long, unsigned long, unsigned long)",96,2152537,22422.260417,0.1098,12480,424435,41635.103973
"void mul_mat_vec_q<(ggml_type)8, 4, false, false>(void const*, void const*, int const*, ggml_cuda_mm_fusion_args_device, float*, unsigned int, HIP_vector_type<unsigned int, 3u>, unsigned int, unsigned int, unsigned int, HIP_vector_type<unsigned int, 3u>, unsigned int, unsigned int, unsigned int, HIP_vector_type<unsigned int, 3u>, unsigned int, unsigned int, unsigned int, unsigned int)",288,1933931,6715.038194,0.0987,4320,10440,1377.612815
"void mul_mat_vec_f<float, float, 4, 256, false, false>(float const*, float const*, int const*, ggml_cuda_mm_fusion_args_device, float*, int, HIP_vector_type<unsigned int, 3u>, int, int, int, HIP_vector_type<unsigned int, 3u>, int, int, int, HIP_vector_type<unsigned int, 3u>, int, int, int, int)",192,1362869,7098.276042,0.0695,4040,14640,2055.484351
"void flash_attn_ext_vec<256, 2, (ggml_type)8, (ggml_type)8, false>(char const*, char const*, char const*, char const*, char const*, int const*, float*, HIP_vector_type<float, 2u>*, float, float, float, float, unsigned int, float, int, HIP_vector_type<unsigned int, 3u>, int, int, int, int, int, int, int, int, int, int, int, long, int, int, long, int, int, int, int, int, long)",32,1342746,41960.812500,0.0685,35800,51039,4912.060184
"void k_argsort_f32_i32<(ggml_sort_order)1>(float const*, int*, int, int)",96,1288670,13423.645833,0.0658,9280,18320,3047.491210
"void mul_mat_vec_q<(ggml_type)8, 2, false, false>(void const*, void const*, int const*, ggml_cuda_mm_fusion_args_device, float*, unsigned int, HIP_vector_type<unsigned int, 3u>, unsigned int, unsigned int, unsigned int, HIP_vector_type<unsigned int, 3u>, unsigned int, unsigned int, unsigned int, HIP_vector_type<unsigned int, 3u>, unsigned int, unsigned int, unsigned int, unsigned int)",96,654672,6819.500000,0.0334,4320,10880,1391.605449
"void reduce_rows_f32<false>(float const*, float*, int)",96,568117,5917.885417,0.0290,2400,260037,26216.825385
"scale_f32(float const*, float*, float, float, long)",96,539553,5620.343750,0.0275,2120,17799,3046.317459
"void soft_max_f32<true, 256, 256, float>(float const*, float const*, float const*, float*, soft_max_params)",96,452557,4714.135417,0.0231,3160,7840,1103.938887
"void mul_mat_vec_f<float, float, 2, 256, false, false>(float const*, float const*, int const*, ggml_cuda_mm_fusion_args_device, float*, int, HIP_vector_type<unsigned int, 3u>, int, int, int, HIP_vector_type<unsigned int, 3u>, int, int, int, HIP_vector_type<unsigned int, 3u>, int, int, int, int)",64,433318,6770.593750,0.0221,3760,16520,2452.814708
"__amd_rocclr_fillBufferAligned",7,346274,49467.714286,0.0177,7399,78399,34090.117995
"void k_bin_bcast<&(op_div(float, float)), float, float, float, float const*>(float const*, float const*, float*, int, int, int, HIP_vector_type<unsigned int, 3u>, HIP_vector_type<unsigned int, 3u>, HIP_vector_type<unsigned int, 3u>, HIP_vector_type<unsigned int, 3u>, HIP_vector_type<unsigned int, 3u>, int, int, int, int, int, int, int, int, int, int, int, float const*)",96,314997,3281.218750,0.0161,2360,4520,637.666308
"void unary_op_kernel<&(op_softplus(float)), float>(float const*, float*, int)",96,232915,2426.197917,0.0119,1640,4480,508.467638
"void op_clamp_kernel<float>(float const*, float*, float, float, int)",96,205238,2137.895833,0.0105,1560,3120,383.656329
